forecast_date,target_end_date,location,target,quantile,value,type
2022-12-05,2022-12-10,04,1 wk ahead inc flu hosp,0.01,213.84855264483804,quantile
2022-12-05,2022-12-10,04,1 wk ahead inc flu hosp,0.025,270.4021730130707,quantile
2022-12-05,2022-12-10,04,1 wk ahead inc flu hosp,0.05,323.0779844961951,quantile
2022-12-05,2022-12-10,04,1 wk ahead inc flu hosp,0.1,387.2778059054338,quantile
2022-12-05,2022-12-10,04,1 wk ahead inc flu hosp,0.15,429.3162546950113,quantile
2022-12-05,2022-12-10,04,1 wk ahead inc flu hosp,0.2,461.7287788538038,quantile
2022-12-05,2022-12-10,04,1 wk ahead inc flu hosp,0.25,490.84688166246,quantile
2022-12-05,2022-12-10,04,1 wk ahead inc flu hosp,0.3,517.9451791252898,quantile
2022-12-05,2022-12-10,04,1 wk ahead inc flu hosp,0.35,547.442644441537,quantile
2022-12-05,2022-12-10,04,1 wk ahead inc flu hosp,0.4,572.5517231405241,quantile
2022-12-05,2022-12-10,04,1 wk ahead inc flu hosp,0.45,597.9752335185051,quantile
2022-12-05,2022-12-10,04,1 wk ahead inc flu hosp,0.5,625.1107439826653,quantile
2022-12-05,2022-12-10,04,1 wk ahead inc flu hosp,0.55,654.2865047206359,quantile
2022-12-05,2022-12-10,04,1 wk ahead inc flu hosp,0.6,687.0180263229719,quantile
2022-12-05,2022-12-10,04,1 wk ahead inc flu hosp,0.65,726.0587072431601,quantile
2022-12-05,2022-12-10,04,1 wk ahead inc flu hosp,0.7,775.7105482169791,quantile
2022-12-05,2022-12-10,04,1 wk ahead inc flu hosp,0.75,844.0940645336625,quantile
2022-12-05,2022-12-10,04,1 wk ahead inc flu hosp,0.8,951.1099288808,quantile
2022-12-05,2022-12-10,04,1 wk ahead inc flu hosp,0.85,1150.7105283881324,quantile
2022-12-05,2022-12-10,04,1 wk ahead inc flu hosp,0.9,1385.7599662898456,quantile
2022-12-05,2022-12-10,04,1 wk ahead inc flu hosp,0.95,1723.541046001165,quantile
2022-12-05,2022-12-10,04,1 wk ahead inc flu hosp,0.975,2075.6785056567974,quantile
2022-12-05,2022-12-10,04,1 wk ahead inc flu hosp,0.99,2580.503051235916,quantile
2022-12-05,2022-12-17,04,2 wk ahead inc flu hosp,0.01,250.588653901887,quantile
2022-12-05,2022-12-17,04,2 wk ahead inc flu hosp,0.025,313.5394962767879,quantile
2022-12-05,2022-12-17,04,2 wk ahead inc flu hosp,0.05,368.5876264934773,quantile
2022-12-05,2022-12-17,04,2 wk ahead inc flu hosp,0.1,431.26878572247176,quantile
2022-12-05,2022-12-17,04,2 wk ahead inc flu hosp,0.15,473.08625958883965,quantile
2022-12-05,2022-12-17,04,2 wk ahead inc flu hosp,0.2,507.56994384339447,quantile
2022-12-05,2022-12-17,04,2 wk ahead inc flu hosp,0.25,541.1772437343698,quantile
2022-12-05,2022-12-17,04,2 wk ahead inc flu hosp,0.3,573.059815965421,quantile
2022-12-05,2022-12-17,04,2 wk ahead inc flu hosp,0.35,603.0256559954817,quantile
2022-12-05,2022-12-17,04,2 wk ahead inc flu hosp,0.4,632.6230832718716,quantile
2022-12-05,2022-12-17,04,2 wk ahead inc flu hosp,0.45,663.0916018573629,quantile
2022-12-05,2022-12-17,04,2 wk ahead inc flu hosp,0.5,696.0326233640401,quantile
2022-12-05,2022-12-17,04,2 wk ahead inc flu hosp,0.55,733.3518090239854,quantile
2022-12-05,2022-12-17,04,2 wk ahead inc flu hosp,0.6,777.5360459369663,quantile
2022-12-05,2022-12-17,04,2 wk ahead inc flu hosp,0.65,832.2834417683111,quantile
2022-12-05,2022-12-17,04,2 wk ahead inc flu hosp,0.7,903.7096159049572,quantile
2022-12-05,2022-12-17,04,2 wk ahead inc flu hosp,0.75,1003.335244860848,quantile
2022-12-05,2022-12-17,04,2 wk ahead inc flu hosp,0.8,1163.0054454357276,quantile
2022-12-05,2022-12-17,04,2 wk ahead inc flu hosp,0.85,1482.8646467343276,quantile
2022-12-05,2022-12-17,04,2 wk ahead inc flu hosp,0.9,1830.2021544832849,quantile
2022-12-05,2022-12-17,04,2 wk ahead inc flu hosp,0.95,2263.666143639287,quantile
2022-12-05,2022-12-17,04,2 wk ahead inc flu hosp,0.975,2688.0186445737754,quantile
2022-12-05,2022-12-17,04,2 wk ahead inc flu hosp,0.99,3297.462391756367,quantile
2022-12-05,2022-12-24,04,3 wk ahead inc flu hosp,0.01,186.6749402694351,quantile
2022-12-05,2022-12-24,04,3 wk ahead inc flu hosp,0.025,238.52566153142183,quantile
2022-12-05,2022-12-24,04,3 wk ahead inc flu hosp,0.05,286.4406533465119,quantile
2022-12-05,2022-12-24,04,3 wk ahead inc flu hosp,0.1,344.6725962367447,quantile
2022-12-05,2022-12-24,04,3 wk ahead inc flu hosp,0.15,386.2917219776718,quantile
2022-12-05,2022-12-24,04,3 wk ahead inc flu hosp,0.2,422.05959822059214,quantile
2022-12-05,2022-12-24,04,3 wk ahead inc flu hosp,0.25,456.78171235663535,quantile
2022-12-05,2022-12-24,04,3 wk ahead inc flu hosp,0.3,490.9968246026741,quantile
2022-12-05,2022-12-24,04,3 wk ahead inc flu hosp,0.35,525.4432958558986,quantile
2022-12-05,2022-12-24,04,3 wk ahead inc flu hosp,0.4,561.8404395067666,quantile
2022-12-05,2022-12-24,04,3 wk ahead inc flu hosp,0.45,602.0139957052418,quantile
2022-12-05,2022-12-24,04,3 wk ahead inc flu hosp,0.5,648.2400990918735,quantile
2022-12-05,2022-12-24,04,3 wk ahead inc flu hosp,0.55,703.1705699601654,quantile
2022-12-05,2022-12-24,04,3 wk ahead inc flu hosp,0.6,769.7168711080171,quantile
2022-12-05,2022-12-24,04,3 wk ahead inc flu hosp,0.65,850.8261833498066,quantile
2022-12-05,2022-12-24,04,3 wk ahead inc flu hosp,0.7,950.2573026548778,quantile
2022-12-05,2022-12-24,04,3 wk ahead inc flu hosp,0.75,1075.7977263353037,quantile
2022-12-05,2022-12-24,04,3 wk ahead inc flu hosp,0.8,1252.606837310111,quantile
2022-12-05,2022-12-24,04,3 wk ahead inc flu hosp,0.85,1551.5571804605388,quantile
2022-12-05,2022-12-24,04,3 wk ahead inc flu hosp,0.9,1948.1241353549672,quantile
2022-12-05,2022-12-24,04,3 wk ahead inc flu hosp,0.95,2615.968940538616,quantile
2022-12-05,2022-12-24,04,3 wk ahead inc flu hosp,0.975,3364.191081056233,quantile
2022-12-05,2022-12-24,04,3 wk ahead inc flu hosp,0.99,4439.070967502045,quantile
2022-12-05,2022-12-31,04,4 wk ahead inc flu hosp,0.01,122.7612468394812,quantile
2022-12-05,2022-12-31,04,4 wk ahead inc flu hosp,0.025,163.5118368873048,quantile
2022-12-05,2022-12-31,04,4 wk ahead inc flu hosp,0.05,204.2936599970485,quantile
2022-12-05,2022-12-31,04,4 wk ahead inc flu hosp,0.1,258.07638654851974,quantile
2022-12-05,2022-12-31,04,4 wk ahead inc flu hosp,0.15,299.497143961508,quantile
2022-12-05,2022-12-31,04,4 wk ahead inc flu hosp,0.2,336.5491919902957,quantile
2022-12-05,2022-12-31,04,4 wk ahead inc flu hosp,0.25,372.3861809789009,quantile
2022-12-05,2022-12-31,04,4 wk ahead inc flu hosp,0.3,408.93387364492327,quantile
2022-12-05,2022-12-31,04,4 wk ahead inc flu hosp,0.35,447.8608549063234,quantile
2022-12-05,2022-12-31,04,4 wk ahead inc flu hosp,0.4,491.0577957416618,quantile
2022-12-05,2022-12-31,04,4 wk ahead inc flu hosp,0.45,540.9363491481245,quantile
2022-12-05,2022-12-31,04,4 wk ahead inc flu hosp,0.5,600.4474536047188,quantile
2022-12-05,2022-12-31,04,4 wk ahead inc flu hosp,0.55,672.9892500863532,quantile
2022-12-05,2022-12-31,04,4 wk ahead inc flu hosp,0.6,761.8975346590839,quantile
2022-12-05,2022-12-31,04,4 wk ahead inc flu hosp,0.65,869.3688441213098,quantile
2022-12-05,2022-12-31,04,4 wk ahead inc flu hosp,0.7,996.804827784814,quantile
2022-12-05,2022-12-31,04,4 wk ahead inc flu hosp,0.75,1148.2601269997672,quantile
2022-12-05,2022-12-31,04,4 wk ahead inc flu hosp,0.8,1342.2079867545178,quantile
2022-12-05,2022-12-31,04,4 wk ahead inc flu hosp,0.85,1620.249552566766,quantile
2022-12-05,2022-12-31,04,4 wk ahead inc flu hosp,0.9,2066.046277846633,quantile
2022-12-05,2022-12-31,04,4 wk ahead inc flu hosp,0.95,2968.27157581796,quantile
2022-12-05,2022-12-31,04,4 wk ahead inc flu hosp,0.975,4040.363517538692,quantile
2022-12-05,2022-12-31,04,4 wk ahead inc flu hosp,0.99,5580.680512967629,quantile
2022-12-05,2022-12-10,06,1 wk ahead inc flu hosp,0.01,1109.5534277353104,quantile
2022-12-05,2022-12-10,06,1 wk ahead inc flu hosp,0.025,1358.5241670755229,quantile
2022-12-05,2022-12-10,06,1 wk ahead inc flu hosp,0.05,1590.3303684070308,quantile
2022-12-05,2022-12-10,06,1 wk ahead inc flu hosp,0.1,1875.623078825728,quantile
2022-12-05,2022-12-10,06,1 wk ahead inc flu hosp,0.15,2069.927495900947,quantile
2022-12-05,2022-12-10,06,1 wk ahead inc flu hosp,0.2,2226.673759136927,quantile
2022-12-05,2022-12-10,06,1 wk ahead inc flu hosp,0.25,2375.107373251212,quantile
2022-12-05,2022-12-10,06,1 wk ahead inc flu hosp,0.3,2515.8411655386126,quantile
2022-12-05,2022-12-10,06,1 wk ahead inc flu hosp,0.35,2679.7314509003136,quantile
2022-12-05,2022-12-10,06,1 wk ahead inc flu hosp,0.4,2809.269629870248,quantile
2022-12-05,2022-12-10,06,1 wk ahead inc flu hosp,0.45,2940.442307408875,quantile
2022-12-05,2022-12-10,06,1 wk ahead inc flu hosp,0.5,3081.714133108648,quantile
2022-12-05,2022-12-10,06,1 wk ahead inc flu hosp,0.55,3226.3567282667773,quantile
2022-12-05,2022-12-10,06,1 wk ahead inc flu hosp,0.6,3380.9754235859136,quantile
2022-12-05,2022-12-10,06,1 wk ahead inc flu hosp,0.65,3559.468940322408,quantile
2022-12-05,2022-12-10,06,1 wk ahead inc flu hosp,0.7,3780.209156443548,quantile
2022-12-05,2022-12-10,06,1 wk ahead inc flu hosp,0.75,4074.8746808835335,quantile
2022-12-05,2022-12-10,06,1 wk ahead inc flu hosp,0.8,4517.494787651166,quantile
2022-12-05,2022-12-10,06,1 wk ahead inc flu hosp,0.85,5302.955136603071,quantile
2022-12-05,2022-12-10,06,1 wk ahead inc flu hosp,0.9,6266.038892814551,quantile
2022-12-05,2022-12-10,06,1 wk ahead inc flu hosp,0.95,7732.052068118511,quantile
2022-12-05,2022-12-10,06,1 wk ahead inc flu hosp,0.975,9298.282465781727,quantile
2022-12-05,2022-12-10,06,1 wk ahead inc flu hosp,0.99,11576.35848512648,quantile
2022-12-05,2022-12-17,06,2 wk ahead inc flu hosp,0.01,1328.2262839182852,quantile
2022-12-05,2022-12-17,06,2 wk ahead inc flu hosp,0.025,1605.370738220821,quantile
2022-12-05,2022-12-17,06,2 wk ahead inc flu hosp,0.05,1850.6978530007657,quantile
2022-12-05,2022-12-17,06,2 wk ahead inc flu hosp,0.1,2137.8370511006938,quantile
2022-12-05,2022-12-17,06,2 wk ahead inc flu hosp,0.15,2337.729295005758,quantile
2022-12-05,2022-12-17,06,2 wk ahead inc flu hosp,0.2,2509.1088387716454,quantile
2022-12-05,2022-12-17,06,2 wk ahead inc flu hosp,0.25,2685.505056083309,quantile
2022-12-05,2022-12-17,06,2 wk ahead inc flu hosp,0.3,2851.022601896047,quantile
2022-12-05,2022-12-17,06,2 wk ahead inc flu hosp,0.35,3000.248241551334,quantile
2022-12-05,2022-12-17,06,2 wk ahead inc flu hosp,0.4,3144.1273249652845,quantile
2022-12-05,2022-12-17,06,2 wk ahead inc flu hosp,0.45,3289.0313697065967,quantile
2022-12-05,2022-12-17,06,2 wk ahead inc flu hosp,0.5,3442.5474584362514,quantile
2022-12-05,2022-12-17,06,2 wk ahead inc flu hosp,0.55,3613.227536832364,quantile
2022-12-05,2022-12-17,06,2 wk ahead inc flu hosp,0.6,3811.755066554068,quantile
2022-12-05,2022-12-17,06,2 wk ahead inc flu hosp,0.65,4053.263854933975,quantile
2022-12-05,2022-12-17,06,2 wk ahead inc flu hosp,0.7,4361.512474833163,quantile
2022-12-05,2022-12-17,06,2 wk ahead inc flu hosp,0.75,4779.471656738699,quantile
2022-12-05,2022-12-17,06,2 wk ahead inc flu hosp,0.8,5421.283884030925,quantile
2022-12-05,2022-12-17,06,2 wk ahead inc flu hosp,0.85,6637.076209340853,quantile
2022-12-05,2022-12-17,06,2 wk ahead inc flu hosp,0.9,8009.908928667842,quantile
2022-12-05,2022-12-17,06,2 wk ahead inc flu hosp,0.95,9849.374319752167,quantile
2022-12-05,2022-12-17,06,2 wk ahead inc flu hosp,0.975,11713.359821409664,quantile
2022-12-05,2022-12-17,06,2 wk ahead inc flu hosp,0.99,14433.819063671515,quantile
2022-12-05,2022-12-24,06,3 wk ahead inc flu hosp,0.01,1029.0394583181096,quantile
2022-12-05,2022-12-24,06,3 wk ahead inc flu hosp,0.025,1266.471870436725,quantile
2022-12-05,2022-12-24,06,3 wk ahead inc flu hosp,0.05,1485.8912397542335,quantile
2022-12-05,2022-12-24,06,3 wk ahead inc flu hosp,0.1,1754.8005805287453,quantile
2022-12-05,2022-12-24,06,3 wk ahead inc flu hosp,0.15,1949.8313317438235,quantile
2022-12-05,2022-12-24,06,3 wk ahead inc flu hosp,0.2,2119.598091293984,quantile
2022-12-05,2022-12-24,06,3 wk ahead inc flu hosp,0.25,2288.2841779445275,quantile
2022-12-05,2022-12-24,06,3 wk ahead inc flu hosp,0.3,2452.341378686096,quantile
2022-12-05,2022-12-24,06,3 wk ahead inc flu hosp,0.35,2612.751006803221,quantile
2022-12-05,2022-12-24,06,3 wk ahead inc flu hosp,0.4,2779.010130670273,quantile
2022-12-05,2022-12-24,06,3 wk ahead inc flu hosp,0.45,2959.187935451452,quantile
2022-12-05,2022-12-24,06,3 wk ahead inc flu hosp,0.5,3162.906950227152,quantile
2022-12-05,2022-12-24,06,3 wk ahead inc flu hosp,0.55,3401.0831337690674,quantile
2022-12-05,2022-12-24,06,3 wk ahead inc flu hosp,0.6,3685.655651481068,quantile
2022-12-05,2022-12-24,06,3 wk ahead inc flu hosp,0.65,4029.008264660572,quantile
2022-12-05,2022-12-24,06,3 wk ahead inc flu hosp,0.7,4446.796802458964,quantile
2022-12-05,2022-12-24,06,3 wk ahead inc flu hosp,0.75,4969.763085916335,quantile
2022-12-05,2022-12-24,06,3 wk ahead inc flu hosp,0.8,5693.500276894736,quantile
2022-12-05,2022-12-24,06,3 wk ahead inc flu hosp,0.85,6879.017968758682,quantile
2022-12-05,2022-12-24,06,3 wk ahead inc flu hosp,0.9,8490.994586024402,quantile
2022-12-05,2022-12-24,06,3 wk ahead inc flu hosp,0.95,11282.24525099728,quantile
2022-12-05,2022-12-24,06,3 wk ahead inc flu hosp,0.975,14437.364425301192,quantile
2022-12-05,2022-12-24,06,3 wk ahead inc flu hosp,0.99,19001.70650378605,quantile
2022-12-05,2022-12-31,06,4 wk ahead inc flu hosp,0.01,729.8526875521585,quantile
2022-12-05,2022-12-31,06,4 wk ahead inc flu hosp,0.025,927.5731123210784,quantile
2022-12-05,2022-12-31,06,4 wk ahead inc flu hosp,0.05,1121.0845168392518,quantile
2022-12-05,2022-12-31,06,4 wk ahead inc flu hosp,0.1,1371.7640002883477,quantile
2022-12-05,2022-12-31,06,4 wk ahead inc flu hosp,0.15,1561.933258813439,quantile
2022-12-05,2022-12-31,06,4 wk ahead inc flu hosp,0.2,1730.0870148109743,quantile
2022-12-05,2022-12-31,06,4 wk ahead inc flu hosp,0.25,1891.0630804688467,quantile
2022-12-05,2022-12-31,06,4 wk ahead inc flu hosp,0.3,2053.660374813044,quantile
2022-12-05,2022-12-31,06,4 wk ahead inc flu hosp,0.35,2225.253772055108,quantile
2022-12-05,2022-12-31,06,4 wk ahead inc flu hosp,0.4,2413.8927170383627,quantile
2022-12-05,2022-12-31,06,4 wk ahead inc flu hosp,0.45,2629.3445011963067,quantile
2022-12-05,2022-12-31,06,4 wk ahead inc flu hosp,0.5,2883.266222681152,quantile
2022-12-05,2022-12-31,06,4 wk ahead inc flu hosp,0.55,3188.938292031973,quantile
2022-12-05,2022-12-31,06,4 wk ahead inc flu hosp,0.6,3559.556017071169,quantile
2022-12-05,2022-12-31,06,4 wk ahead inc flu hosp,0.65,4004.752235713371,quantile
2022-12-05,2022-12-31,06,4 wk ahead inc flu hosp,0.7,4532.081568758561,quantile
2022-12-05,2022-12-31,06,4 wk ahead inc flu hosp,0.75,5160.054076420173,quantile
2022-12-05,2022-12-31,06,4 wk ahead inc flu hosp,0.8,5965.71623108475,quantile
2022-12-05,2022-12-31,06,4 wk ahead inc flu hosp,0.85,7120.96016685031,quantile
2022-12-05,2022-12-31,06,4 wk ahead inc flu hosp,0.9,8972.080243380964,quantile
2022-12-05,2022-12-31,06,4 wk ahead inc flu hosp,0.95,12715.117059589986,quantile
2022-12-05,2022-12-31,06,4 wk ahead inc flu hosp,0.975,17161.369906540313,quantile
2022-12-05,2022-12-31,06,4 wk ahead inc flu hosp,0.99,23569.592189205403,quantile
2022-12-05,2022-12-10,12,1 wk ahead inc flu hosp,0.01,695.8505872625226,quantile
2022-12-05,2022-12-10,12,1 wk ahead inc flu hosp,0.025,863.0131692116988,quantile
2022-12-05,2022-12-10,12,1 wk ahead inc flu hosp,0.05,1014.8238725691816,quantile
2022-12-05,2022-12-10,12,1 wk ahead inc flu hosp,0.1,1194.8203524717703,quantile
2022-12-05,2022-12-10,12,1 wk ahead inc flu hosp,0.15,1305.6698017721635,quantile
2022-12-05,2022-12-10,12,1 wk ahead inc flu hosp,0.2,1386.781219553607,quantile
2022-12-05,2022-12-10,12,1 wk ahead inc flu hosp,0.25,1457.5704606869078,quantile
2022-12-05,2022-12-10,12,1 wk ahead inc flu hosp,0.3,1522.964395216164,quantile
2022-12-05,2022-12-10,12,1 wk ahead inc flu hosp,0.35,1592.7302055959435,quantile
2022-12-05,2022-12-10,12,1 wk ahead inc flu hosp,0.4,1654.771641364916,quantile
2022-12-05,2022-12-10,12,1 wk ahead inc flu hosp,0.45,1721.1541928336185,quantile
2022-12-05,2022-12-10,12,1 wk ahead inc flu hosp,0.5,1795.7786763340312,quantile
2022-12-05,2022-12-10,12,1 wk ahead inc flu hosp,0.55,1874.4168826113903,quantile
2022-12-05,2022-12-10,12,1 wk ahead inc flu hosp,0.6,1961.8563072280992,quantile
2022-12-05,2022-12-10,12,1 wk ahead inc flu hosp,0.65,2068.4386797963693,quantile
2022-12-05,2022-12-10,12,1 wk ahead inc flu hosp,0.7,2209.429857788525,quantile
2022-12-05,2022-12-10,12,1 wk ahead inc flu hosp,0.75,2413.814129803693,quantile
2022-12-05,2022-12-10,12,1 wk ahead inc flu hosp,0.8,2755.8898978988,quantile
2022-12-05,2022-12-10,12,1 wk ahead inc flu hosp,0.85,3445.70869380918,quantile
2022-12-05,2022-12-10,12,1 wk ahead inc flu hosp,0.9,4174.932673590303,quantile
2022-12-05,2022-12-10,12,1 wk ahead inc flu hosp,0.95,5020.176788639841,quantile
2022-12-05,2022-12-10,12,1 wk ahead inc flu hosp,0.975,5769.557012967841,quantile
2022-12-05,2022-12-10,12,1 wk ahead inc flu hosp,0.99,6728.381434891096,quantile
2022-12-05,2022-12-17,12,2 wk ahead inc flu hosp,0.01,853.9676580468641,quantile
2022-12-05,2022-12-17,12,2 wk ahead inc flu hosp,0.025,1033.2240463368614,quantile
2022-12-05,2022-12-17,12,2 wk ahead inc flu hosp,0.05,1181.8074972069603,quantile
2022-12-05,2022-12-17,12,2 wk ahead inc flu hosp,0.1,1342.0262731780542,quantile
2022-12-05,2022-12-17,12,2 wk ahead inc flu hosp,0.15,1445.2208562704016,quantile
2022-12-05,2022-12-17,12,2 wk ahead inc flu hosp,0.2,1528.652280928916,quantile
2022-12-05,2022-12-17,12,2 wk ahead inc flu hosp,0.25,1607.594154276315,quantile
2022-12-05,2022-12-17,12,2 wk ahead inc flu hosp,0.3,1681.7027495112934,quantile
2022-12-05,2022-12-17,12,2 wk ahead inc flu hosp,0.35,1751.4624793961486,quantile
2022-12-05,2022-12-17,12,2 wk ahead inc flu hosp,0.4,1820.934756864096,quantile
2022-12-05,2022-12-17,12,2 wk ahead inc flu hosp,0.45,1893.9091609576187,quantile
2022-12-05,2022-12-17,12,2 wk ahead inc flu hosp,0.5,1975.1970323172552,quantile
2022-12-05,2022-12-17,12,2 wk ahead inc flu hosp,0.55,2070.7003854574023,quantile
2022-12-05,2022-12-17,12,2 wk ahead inc flu hosp,0.6,2188.3665464694222,quantile
2022-12-05,2022-12-17,12,2 wk ahead inc flu hosp,0.65,2340.796208442575,quantile
2022-12-05,2022-12-17,12,2 wk ahead inc flu hosp,0.7,2549.518853973487,quantile
2022-12-05,2022-12-17,12,2 wk ahead inc flu hosp,0.75,2856.1062307321804,quantile
2022-12-05,2022-12-17,12,2 wk ahead inc flu hosp,0.8,3383.311608699835,quantile
2022-12-05,2022-12-17,12,2 wk ahead inc flu hosp,0.85,4536.112641385004,quantile
2022-12-05,2022-12-17,12,2 wk ahead inc flu hosp,0.9,5661.9026849120455,quantile
2022-12-05,2022-12-17,12,2 wk ahead inc flu hosp,0.95,6751.7262432860825,quantile
2022-12-05,2022-12-17,12,2 wk ahead inc flu hosp,0.975,7621.778300724924,quantile
2022-12-05,2022-12-17,12,2 wk ahead inc flu hosp,0.99,8722.567733631337,quantile
2022-12-05,2022-12-24,12,3 wk ahead inc flu hosp,0.01,616.7869251785529,quantile
2022-12-05,2022-12-24,12,3 wk ahead inc flu hosp,0.025,759.3982570045399,quantile
2022-12-05,2022-12-24,12,3 wk ahead inc flu hosp,0.05,885.5419990329322,quantile
2022-12-05,2022-12-24,12,3 wk ahead inc flu hosp,0.1,1032.889499890638,quantile
2022-12-05,2022-12-24,12,3 wk ahead inc flu hosp,0.15,1135.4136786112413,quantile
2022-12-05,2022-12-24,12,3 wk ahead inc flu hosp,0.2,1221.9688085053417,quantile
2022-12-05,2022-12-24,12,3 wk ahead inc flu hosp,0.25,1304.0959073899128,quantile
2022-12-05,2022-12-24,12,3 wk ahead inc flu hosp,0.3,1383.8855924903748,quantile
2022-12-05,2022-12-24,12,3 wk ahead inc flu hosp,0.35,1463.3910442594763,quantile
2022-12-05,2022-12-24,12,3 wk ahead inc flu hosp,0.4,1546.6443461843282,quantile
2022-12-05,2022-12-24,12,3 wk ahead inc flu hosp,0.45,1638.3421440796408,quantile
2022-12-05,2022-12-24,12,3 wk ahead inc flu hosp,0.5,1744.522011729005,quantile
2022-12-05,2022-12-24,12,3 wk ahead inc flu hosp,0.55,1872.6418549950768,quantile
2022-12-05,2022-12-24,12,3 wk ahead inc flu hosp,0.6,2031.1232785733105,quantile
2022-12-05,2022-12-24,12,3 wk ahead inc flu hosp,0.65,2228.158735958285,quantile
2022-12-05,2022-12-24,12,3 wk ahead inc flu hosp,0.7,2474.1867677794403,quantile
2022-12-05,2022-12-24,12,3 wk ahead inc flu hosp,0.75,2792.638978516171,quantile
2022-12-05,2022-12-24,12,3 wk ahead inc flu hosp,0.8,3260.2128235364903,quantile
2022-12-05,2022-12-24,12,3 wk ahead inc flu hosp,0.85,4115.170708065574,quantile
2022-12-05,2022-12-24,12,3 wk ahead inc flu hosp,0.9,5107.83654177851,quantile
2022-12-05,2022-12-24,12,3 wk ahead inc flu hosp,0.95,6498.822483184918,quantile
2022-12-05,2022-12-24,12,3 wk ahead inc flu hosp,0.975,7929.332595401961,quantile
2022-12-05,2022-12-24,12,3 wk ahead inc flu hosp,0.99,9944.896006689552,quantile
2022-12-05,2022-12-31,12,4 wk ahead inc flu hosp,0.01,379.6062221165894,quantile
2022-12-05,2022-12-31,12,4 wk ahead inc flu hosp,0.025,485.5725570912614,quantile
2022-12-05,2022-12-31,12,4 wk ahead inc flu hosp,0.05,589.2767393096854,quantile
2022-12-05,2022-12-31,12,4 wk ahead inc flu hosp,0.1,723.7527862159171,quantile
2022-12-05,2022-12-31,12,4 wk ahead inc flu hosp,0.15,825.6064413393855,quantile
2022-12-05,2022-12-31,12,4 wk ahead inc flu hosp,0.2,915.2852168563765,quantile
2022-12-05,2022-12-31,12,4 wk ahead inc flu hosp,0.25,1000.5974220527291,quantile
2022-12-05,2022-12-31,12,4 wk ahead inc flu hosp,0.3,1086.0683162440655,quantile
2022-12-05,2022-12-31,12,4 wk ahead inc flu hosp,0.35,1175.3193706720233,quantile
2022-12-05,2022-12-31,12,4 wk ahead inc flu hosp,0.4,1272.353935504561,quantile
2022-12-05,2022-12-31,12,4 wk ahead inc flu hosp,0.45,1382.7753656524444,quantile
2022-12-05,2022-12-31,12,4 wk ahead inc flu hosp,0.5,1513.846871915364,quantile
2022-12-05,2022-12-31,12,4 wk ahead inc flu hosp,0.55,1674.583443758143,quantile
2022-12-05,2022-12-31,12,4 wk ahead inc flu hosp,0.6,1873.8801299025888,quantile
2022-12-05,2022-12-31,12,4 wk ahead inc flu hosp,0.65,2115.5207865724333,quantile
2022-12-05,2022-12-31,12,4 wk ahead inc flu hosp,0.7,2398.854920036176,quantile
2022-12-05,2022-12-31,12,4 wk ahead inc flu hosp,0.75,2729.171726300161,quantile
2022-12-05,2022-12-31,12,4 wk ahead inc flu hosp,0.8,3137.114276823927,quantile
2022-12-05,2022-12-31,12,4 wk ahead inc flu hosp,0.85,3694.227820943019,quantile
2022-12-05,2022-12-31,12,4 wk ahead inc flu hosp,0.9,4553.769444841849,quantile
2022-12-05,2022-12-31,12,4 wk ahead inc flu hosp,0.95,6245.919199985317,quantile
2022-12-05,2022-12-31,12,4 wk ahead inc flu hosp,0.975,8236.887366980562,quantile
2022-12-05,2022-12-31,12,4 wk ahead inc flu hosp,0.99,11167.224279747768,quantile
2022-12-05,2022-12-10,36,1 wk ahead inc flu hosp,0.01,496.707570919655,quantile
2022-12-05,2022-12-10,36,1 wk ahead inc flu hosp,0.025,589.7124659087705,quantile
2022-12-05,2022-12-10,36,1 wk ahead inc flu hosp,0.05,676.5534592403616,quantile
2022-12-05,2022-12-10,36,1 wk ahead inc flu hosp,0.1,785.6749500891435,quantile
2022-12-05,2022-12-10,36,1 wk ahead inc flu hosp,0.15,865.287756600791,quantile
2022-12-05,2022-12-10,36,1 wk ahead inc flu hosp,0.2,934.7768144029378,quantile
2022-12-05,2022-12-10,36,1 wk ahead inc flu hosp,0.25,1007.5714141686232,quantile
2022-12-05,2022-12-10,36,1 wk ahead inc flu hosp,0.3,1078.8617277679546,quantile
2022-12-05,2022-12-10,36,1 wk ahead inc flu hosp,0.35,1172.2078138656557,quantile
2022-12-05,2022-12-10,36,1 wk ahead inc flu hosp,0.4,1236.556597330513,quantile
2022-12-05,2022-12-10,36,1 wk ahead inc flu hosp,0.45,1301.0504099641716,quantile
2022-12-05,2022-12-10,36,1 wk ahead inc flu hosp,0.5,1371.2166665135694,quantile
2022-12-05,2022-12-10,36,1 wk ahead inc flu hosp,0.55,1438.0577271093152,quantile
2022-12-05,2022-12-10,36,1 wk ahead inc flu hosp,0.6,1504.1233190072444,quantile
2022-12-05,2022-12-10,36,1 wk ahead inc flu hosp,0.65,1576.4581017954472,quantile
2022-12-05,2022-12-10,36,1 wk ahead inc flu hosp,0.7,1662.13470420179,quantile
2022-12-05,2022-12-10,36,1 wk ahead inc flu hosp,0.75,1771.0831427475148,quantile
2022-12-05,2022-12-10,36,1 wk ahead inc flu hosp,0.8,1923.921100995074,quantile
2022-12-05,2022-12-10,36,1 wk ahead inc flu hosp,0.85,2170.444338653221,quantile
2022-12-05,2022-12-10,36,1 wk ahead inc flu hosp,0.9,2497.498612921545,quantile
2022-12-05,2022-12-10,36,1 wk ahead inc flu hosp,0.95,3043.6855899014013,quantile
2022-12-05,2022-12-10,36,1 wk ahead inc flu hosp,0.975,3645.241528654575,quantile
2022-12-05,2022-12-10,36,1 wk ahead inc flu hosp,0.99,4534.138802862242,quantile
2022-12-05,2022-12-17,36,2 wk ahead inc flu hosp,0.01,620.6087543445815,quantile
2022-12-05,2022-12-17,36,2 wk ahead inc flu hosp,0.025,724.0126078992604,quantile
2022-12-05,2022-12-17,36,2 wk ahead inc flu hosp,0.05,817.5602013900996,quantile
2022-12-05,2022-12-17,36,2 wk ahead inc flu hosp,0.1,932.4794573388308,quantile
2022-12-05,2022-12-17,36,2 wk ahead inc flu hosp,0.15,1018.655616658709,quantile
2022-12-05,2022-12-17,36,2 wk ahead inc flu hosp,0.2,1098.0691835453083,quantile
2022-12-05,2022-12-17,36,2 wk ahead inc flu hosp,0.25,1189.146313674505,quantile
2022-12-05,2022-12-17,36,2 wk ahead inc flu hosp,0.3,1273.2131247038317,quantile
2022-12-05,2022-12-17,36,2 wk ahead inc flu hosp,0.35,1343.192668347154,quantile
2022-12-05,2022-12-17,36,2 wk ahead inc flu hosp,0.4,1407.1866001004073,quantile
2022-12-05,2022-12-17,36,2 wk ahead inc flu hosp,0.45,1468.7074767570584,quantile
2022-12-05,2022-12-17,36,2 wk ahead inc flu hosp,0.5,1531.5691442996715,quantile
2022-12-05,2022-12-17,36,2 wk ahead inc flu hosp,0.55,1599.560503261821,quantile
2022-12-05,2022-12-17,36,2 wk ahead inc flu hosp,0.6,1676.9050017387044,quantile
2022-12-05,2022-12-17,36,2 wk ahead inc flu hosp,0.65,1768.9716346778296,quantile
2022-12-05,2022-12-17,36,2 wk ahead inc flu hosp,0.7,1883.1116423152605,quantile
2022-12-05,2022-12-17,36,2 wk ahead inc flu hosp,0.75,2031.201434127184,quantile
2022-12-05,2022-12-17,36,2 wk ahead inc flu hosp,0.8,2241.4859536853514,quantile
2022-12-05,2022-12-17,36,2 wk ahead inc flu hosp,0.85,2594.071841000245,quantile
2022-12-05,2022-12-17,36,2 wk ahead inc flu hosp,0.9,3027.1226756838355,quantile
2022-12-05,2022-12-17,36,2 wk ahead inc flu hosp,0.95,3687.934314738639,quantile
2022-12-05,2022-12-17,36,2 wk ahead inc flu hosp,0.975,4394.111682532897,quantile
2022-12-05,2022-12-17,36,2 wk ahead inc flu hosp,0.99,5449.63678078747,quantile
2022-12-05,2022-12-24,36,3 wk ahead inc flu hosp,0.01,509.0173400789405,quantile
2022-12-05,2022-12-24,36,3 wk ahead inc flu hosp,0.025,604.1909232902959,quantile
2022-12-05,2022-12-24,36,3 wk ahead inc flu hosp,0.05,692.1121301554145,quantile
2022-12-05,2022-12-24,36,3 wk ahead inc flu hosp,0.1,801.3635857135437,quantile
2022-12-05,2022-12-24,36,3 wk ahead inc flu hosp,0.15,882.7034056146682,quantile
2022-12-05,2022-12-24,36,3 wk ahead inc flu hosp,0.2,955.4726819700154,quantile
2022-12-05,2022-12-24,36,3 wk ahead inc flu hosp,0.25,1031.973246750556,quantile
2022-12-05,2022-12-24,36,3 wk ahead inc flu hosp,0.3,1104.594092284966,quantile
2022-12-05,2022-12-24,36,3 wk ahead inc flu hosp,0.35,1171.1358074928346,quantile
2022-12-05,2022-12-24,36,3 wk ahead inc flu hosp,0.4,1237.0043195448488,quantile
2022-12-05,2022-12-24,36,3 wk ahead inc flu hosp,0.45,1305.4579792304844,quantile
2022-12-05,2022-12-24,36,3 wk ahead inc flu hosp,0.5,1380.0950865748007,quantile
2022-12-05,2022-12-24,36,3 wk ahead inc flu hosp,0.55,1464.704758089286,quantile
2022-12-05,2022-12-24,36,3 wk ahead inc flu hosp,0.6,1563.3398193176051,quantile
2022-12-05,2022-12-24,36,3 wk ahead inc flu hosp,0.65,1680.3751188722017,quantile
2022-12-05,2022-12-24,36,3 wk ahead inc flu hosp,0.7,1821.168960793873,quantile
2022-12-05,2022-12-24,36,3 wk ahead inc flu hosp,0.75,1995.070273028044,quantile
2022-12-05,2022-12-24,36,3 wk ahead inc flu hosp,0.8,2228.2130310215643,quantile
2022-12-05,2022-12-24,36,3 wk ahead inc flu hosp,0.85,2586.967031563292,quantile
2022-12-05,2022-12-24,36,3 wk ahead inc flu hosp,0.9,3093.9931092757943,quantile
2022-12-05,2022-12-24,36,3 wk ahead inc flu hosp,0.95,4008.423940331252,quantile
2022-12-05,2022-12-24,36,3 wk ahead inc flu hosp,0.975,5053.580370922606,quantile
2022-12-05,2022-12-24,36,3 wk ahead inc flu hosp,0.99,6588.117699685192,quantile
2022-12-05,2022-12-31,36,4 wk ahead inc flu hosp,0.01,397.42589881606034,quantile
2022-12-05,2022-12-31,36,4 wk ahead inc flu hosp,0.025,484.3692386813314,quantile
2022-12-05,2022-12-31,36,4 wk ahead inc flu hosp,0.05,566.6641669096862,quantile
2022-12-05,2022-12-31,36,4 wk ahead inc flu hosp,0.1,670.2477140882568,quantile
2022-12-05,2022-12-31,36,4 wk ahead inc flu hosp,0.15,746.7512485651057,quantile
2022-12-05,2022-12-31,36,4 wk ahead inc flu hosp,0.2,812.876396372636,quantile
2022-12-05,2022-12-31,36,4 wk ahead inc flu hosp,0.25,874.8000718376503,quantile
2022-12-05,2022-12-31,36,4 wk ahead inc flu hosp,0.3,935.9751678550576,quantile
2022-12-05,2022-12-31,36,4 wk ahead inc flu hosp,0.35,999.078730660602,quantile
2022-12-05,2022-12-31,36,4 wk ahead inc flu hosp,0.4,1066.8221469782468,quantile
2022-12-05,2022-12-31,36,4 wk ahead inc flu hosp,0.45,1142.2086976818237,quantile
2022-12-05,2022-12-31,36,4 wk ahead inc flu hosp,0.5,1228.62102884993,quantile
2022-12-05,2022-12-31,36,4 wk ahead inc flu hosp,0.55,1329.848904927794,quantile
2022-12-05,2022-12-31,36,4 wk ahead inc flu hosp,0.6,1449.774636896506,quantile
2022-12-05,2022-12-31,36,4 wk ahead inc flu hosp,0.65,1591.7783870886603,quantile
2022-12-05,2022-12-31,36,4 wk ahead inc flu hosp,0.7,1759.2262792724855,quantile
2022-12-05,2022-12-31,36,4 wk ahead inc flu hosp,0.75,1958.9388959509904,quantile
2022-12-05,2022-12-31,36,4 wk ahead inc flu hosp,0.8,2214.9396764019502,quantile
2022-12-05,2022-12-31,36,4 wk ahead inc flu hosp,0.85,2579.862222126339,quantile
2022-12-05,2022-12-31,36,4 wk ahead inc flu hosp,0.9,3160.86332688984,quantile
2022-12-05,2022-12-31,36,4 wk ahead inc flu hosp,0.95,4328.9127020122105,quantile
2022-12-05,2022-12-31,36,4 wk ahead inc flu hosp,0.975,5713.049491268141,quantile
2022-12-05,2022-12-31,36,4 wk ahead inc flu hosp,0.99,7726.598618582914,quantile
2022-12-05,2022-12-10,42,1 wk ahead inc flu hosp,0.01,385.2150816643474,quantile
2022-12-05,2022-12-10,42,1 wk ahead inc flu hosp,0.025,449.78378299772857,quantile
2022-12-05,2022-12-10,42,1 wk ahead inc flu hosp,0.05,510.3211622216275,quantile
2022-12-05,2022-12-10,42,1 wk ahead inc flu hosp,0.1,587.2912939676955,quantile
2022-12-05,2022-12-10,42,1 wk ahead inc flu hosp,0.15,644.5604148991757,quantile
2022-12-05,2022-12-10,42,1 wk ahead inc flu hosp,0.2,694.1934256307846,quantile
2022-12-05,2022-12-10,42,1 wk ahead inc flu hosp,0.25,743.5532612925177,quantile
2022-12-05,2022-12-10,42,1 wk ahead inc flu hosp,0.3,790.6661538326754,quantile
2022-12-05,2022-12-10,42,1 wk ahead inc flu hosp,0.35,848.5553196352969,quantile
2022-12-05,2022-12-10,42,1 wk ahead inc flu hosp,0.4,892.1997273587446,quantile
2022-12-05,2022-12-10,42,1 wk ahead inc flu hosp,0.45,939.0297088809064,quantile
2022-12-05,2022-12-10,42,1 wk ahead inc flu hosp,0.5,992.7657466245744,quantile
2022-12-05,2022-12-10,42,1 wk ahead inc flu hosp,0.55,1042.3917929553384,quantile
2022-12-05,2022-12-10,42,1 wk ahead inc flu hosp,0.6,1089.7812717004797,quantile
2022-12-05,2022-12-10,42,1 wk ahead inc flu hosp,0.65,1140.7693558536268,quantile
2022-12-05,2022-12-10,42,1 wk ahead inc flu hosp,0.7,1200.4081497052457,quantile
2022-12-05,2022-12-10,42,1 wk ahead inc flu hosp,0.75,1274.8702443633686,quantile
2022-12-05,2022-12-10,42,1 wk ahead inc flu hosp,0.8,1375.7146264670505,quantile
2022-12-05,2022-12-10,42,1 wk ahead inc flu hosp,0.85,1529.8247360614248,quantile
2022-12-05,2022-12-10,42,1 wk ahead inc flu hosp,0.9,1741.45354797266,quantile
2022-12-05,2022-12-10,42,1 wk ahead inc flu hosp,0.95,2110.2215574539173,quantile
2022-12-05,2022-12-10,42,1 wk ahead inc flu hosp,0.975,2524.460566443487,quantile
2022-12-05,2022-12-10,42,1 wk ahead inc flu hosp,0.99,3144.2163438844204,quantile
2022-12-05,2022-12-17,42,2 wk ahead inc flu hosp,0.01,524.795141473508,quantile
2022-12-05,2022-12-17,42,2 wk ahead inc flu hosp,0.025,595.747746628314,quantile
2022-12-05,2022-12-17,42,2 wk ahead inc flu hosp,0.05,659.9149289333917,quantile
2022-12-05,2022-12-17,42,2 wk ahead inc flu hosp,0.1,739.5173199375771,quantile
2022-12-05,2022-12-17,42,2 wk ahead inc flu hosp,0.15,799.8556807475354,quantile
2022-12-05,2022-12-17,42,2 wk ahead inc flu hosp,0.2,854.0831351426581,quantile
2022-12-05,2022-12-17,42,2 wk ahead inc flu hosp,0.25,911.7657851406336,quantile
2022-12-05,2022-12-17,42,2 wk ahead inc flu hosp,0.3,963.6048764378402,quantile
2022-12-05,2022-12-17,42,2 wk ahead inc flu hosp,0.35,1007.1944217383056,quantile
2022-12-05,2022-12-17,42,2 wk ahead inc flu hosp,0.4,1048.5513791107735,quantile
2022-12-05,2022-12-17,42,2 wk ahead inc flu hosp,0.45,1090.050111786156,quantile
2022-12-05,2022-12-17,42,2 wk ahead inc flu hosp,0.5,1133.640296674454,quantile
2022-12-05,2022-12-17,42,2 wk ahead inc flu hosp,0.55,1181.4585124634457,quantile
2022-12-05,2022-12-17,42,2 wk ahead inc flu hosp,0.6,1236.1481756656633,quantile
2022-12-05,2022-12-17,42,2 wk ahead inc flu hosp,0.65,1301.1712330888604,quantile
2022-12-05,2022-12-17,42,2 wk ahead inc flu hosp,0.7,1381.2884212330512,quantile
2022-12-05,2022-12-17,42,2 wk ahead inc flu hosp,0.75,1483.748686463382,quantile
2022-12-05,2022-12-17,42,2 wk ahead inc flu hosp,0.8,1624.3352087926044,quantile
2022-12-05,2022-12-17,42,2 wk ahead inc flu hosp,0.85,1845.18815642698,quantile
2022-12-05,2022-12-17,42,2 wk ahead inc flu hosp,0.9,2131.8448850323302,quantile
2022-12-05,2022-12-17,42,2 wk ahead inc flu hosp,0.95,2597.981898465029,quantile
2022-12-05,2022-12-17,42,2 wk ahead inc flu hosp,0.975,3105.829134949789,quantile
2022-12-05,2022-12-17,42,2 wk ahead inc flu hosp,0.99,3869.5982041969,quantile
2022-12-05,2022-12-24,42,3 wk ahead inc flu hosp,0.01,398.4538391480053,quantile
2022-12-05,2022-12-24,42,3 wk ahead inc flu hosp,0.025,465.2748490342251,quantile
2022-12-05,2022-12-24,42,3 wk ahead inc flu hosp,0.05,527.2151997017999,quantile
2022-12-05,2022-12-24,42,3 wk ahead inc flu hosp,0.1,604.8052697210371,quantile
2022-12-05,2022-12-24,42,3 wk ahead inc flu hosp,0.15,663.0597823067575,quantile
2022-12-05,2022-12-24,42,3 wk ahead inc flu hosp,0.2,714.6021759149079,quantile
2022-12-05,2022-12-24,42,3 wk ahead inc flu hosp,0.25,766.4809216577418,quantile
2022-12-05,2022-12-24,42,3 wk ahead inc flu hosp,0.3,815.3395336545855,quantile
2022-12-05,2022-12-24,42,3 wk ahead inc flu hosp,0.35,861.0036176230574,quantile
2022-12-05,2022-12-24,42,3 wk ahead inc flu hosp,0.4,907.550474931279,quantile
2022-12-05,2022-12-24,42,3 wk ahead inc flu hosp,0.45,957.322560483842,quantile
2022-12-05,2022-12-24,42,3 wk ahead inc flu hosp,0.5,1012.5538835150384,quantile
2022-12-05,2022-12-24,42,3 wk ahead inc flu hosp,0.55,1075.6937100975194,quantile
2022-12-05,2022-12-24,42,3 wk ahead inc flu hosp,0.6,1149.486440556069,quantile
2022-12-05,2022-12-24,42,3 wk ahead inc flu hosp,0.65,1237.0346444017798,quantile
2022-12-05,2022-12-24,42,3 wk ahead inc flu hosp,0.7,1342.240731263189,quantile
2022-12-05,2022-12-24,42,3 wk ahead inc flu hosp,0.75,1471.6118677501445,quantile
2022-12-05,2022-12-24,42,3 wk ahead inc flu hosp,0.8,1642.9715190616978,quantile
2022-12-05,2022-12-24,42,3 wk ahead inc flu hosp,0.85,1899.0407412868285,quantile
2022-12-05,2022-12-24,42,3 wk ahead inc flu hosp,0.9,2276.287269208932,quantile
2022-12-05,2022-12-24,42,3 wk ahead inc flu hosp,0.95,2982.966586378977,quantile
2022-12-05,2022-12-24,42,3 wk ahead inc flu hosp,0.975,3800.444830680783,quantile
2022-12-05,2022-12-24,42,3 wk ahead inc flu hosp,0.99,5001.519430907697,quantile
2022-12-05,2022-12-31,42,4 wk ahead inc flu hosp,0.01,272.11257235515984,quantile
2022-12-05,2022-12-31,42,4 wk ahead inc flu hosp,0.025,334.8019159074789,quantile
2022-12-05,2022-12-31,42,4 wk ahead inc flu hosp,0.05,394.5153994048933,quantile
2022-12-05,2022-12-31,42,4 wk ahead inc flu hosp,0.1,470.09321950449714,quantile
2022-12-05,2022-12-31,42,4 wk ahead inc flu hosp,0.15,526.2639904639516,quantile
2022-12-05,2022-12-31,42,4 wk ahead inc flu hosp,0.2,575.1211811545004,quantile
2022-12-05,2022-12-31,42,4 wk ahead inc flu hosp,0.25,621.1959160442204,quantile
2022-12-05,2022-12-31,42,4 wk ahead inc flu hosp,0.3,667.0743330019602,quantile
2022-12-05,2022-12-31,42,4 wk ahead inc flu hosp,0.35,714.8128135078091,quantile
2022-12-05,2022-12-31,42,4 wk ahead inc flu hosp,0.4,766.5494286211549,quantile
2022-12-05,2022-12-31,42,4 wk ahead inc flu hosp,0.45,824.5948670508984,quantile
2022-12-05,2022-12-31,42,4 wk ahead inc flu hosp,0.5,891.4677546168814,quantile
2022-12-05,2022-12-31,42,4 wk ahead inc flu hosp,0.55,969.9287656009636,quantile
2022-12-05,2022-12-31,42,4 wk ahead inc flu hosp,0.6,1062.8249186424189,quantile
2022-12-05,2022-12-31,42,4 wk ahead inc flu hosp,0.65,1172.8978425187554,quantile
2022-12-05,2022-12-31,42,4 wk ahead inc flu hosp,0.7,1303.1931834239565,quantile
2022-12-05,2022-12-31,42,4 wk ahead inc flu hosp,0.75,1459.4749069062773,quantile
2022-12-05,2022-12-31,42,4 wk ahead inc flu hosp,0.8,1661.607971461421,quantile
2022-12-05,2022-12-31,42,4 wk ahead inc flu hosp,0.85,1952.8934682773056,quantile
2022-12-05,2022-12-31,42,4 wk ahead inc flu hosp,0.9,2420.7296533855338,quantile
2022-12-05,2022-12-31,42,4 wk ahead inc flu hosp,0.95,3367.951274292924,quantile
2022-12-05,2022-12-31,42,4 wk ahead inc flu hosp,0.975,4495.061094934294,quantile
2022-12-05,2022-12-31,42,4 wk ahead inc flu hosp,0.99,6133.440941879753,quantile
2022-12-05,2022-12-10,48,1 wk ahead inc flu hosp,0.01,789.8107529760833,quantile
2022-12-05,2022-12-10,48,1 wk ahead inc flu hosp,0.025,945.7965787715406,quantile
2022-12-05,2022-12-10,48,1 wk ahead inc flu hosp,0.05,1091.7365214254653,quantile
2022-12-05,2022-12-10,48,1 wk ahead inc flu hosp,0.1,1274.409266972301,quantile
2022-12-05,2022-12-10,48,1 wk ahead inc flu hosp,0.15,1405.3711258171286,quantile
2022-12-05,2022-12-10,48,1 wk ahead inc flu hosp,0.2,1515.7635711411988,quantile
2022-12-05,2022-12-10,48,1 wk ahead inc flu hosp,0.25,1622.1848243343995,quantile
2022-12-05,2022-12-10,48,1 wk ahead inc flu hosp,0.3,1724.6467963977718,quantile
2022-12-05,2022-12-10,48,1 wk ahead inc flu hosp,0.35,1842.4527131535688,quantile
2022-12-05,2022-12-10,48,1 wk ahead inc flu hosp,0.4,1938.8873967712327,quantile
2022-12-05,2022-12-10,48,1 wk ahead inc flu hosp,0.45,2040.7534968636064,quantile
2022-12-05,2022-12-10,48,1 wk ahead inc flu hosp,0.5,2153.393580276014,quantile
2022-12-05,2022-12-10,48,1 wk ahead inc flu hosp,0.55,2260.47669882436,quantile
2022-12-05,2022-12-10,48,1 wk ahead inc flu hosp,0.6,2365.6340982314227,quantile
2022-12-05,2022-12-10,48,1 wk ahead inc flu hosp,0.65,2480.12264023782,quantile
2022-12-05,2022-12-10,48,1 wk ahead inc flu hosp,0.7,2615.2064297604747,quantile
2022-12-05,2022-12-10,48,1 wk ahead inc flu hosp,0.75,2786.7905162165307,quantile
2022-12-05,2022-12-10,48,1 wk ahead inc flu hosp,0.8,3027.941930969047,quantile
2022-12-05,2022-12-10,48,1 wk ahead inc flu hosp,0.85,3421.0880204114337,quantile
2022-12-05,2022-12-10,48,1 wk ahead inc flu hosp,0.9,3933.2459349852857,quantile
2022-12-05,2022-12-10,48,1 wk ahead inc flu hosp,0.95,4780.648631427387,quantile
2022-12-05,2022-12-10,48,1 wk ahead inc flu hosp,0.975,5718.499928666665,quantile
2022-12-05,2022-12-10,48,1 wk ahead inc flu hosp,0.99,7113.142944613715,quantile
2022-12-05,2022-12-17,48,2 wk ahead inc flu hosp,0.01,1004.9313992710556,quantile
2022-12-05,2022-12-17,48,2 wk ahead inc flu hosp,0.025,1177.1257635709908,quantile
2022-12-05,2022-12-17,48,2 wk ahead inc flu hosp,0.05,1332.64327777822,quantile
2022-12-05,2022-12-17,48,2 wk ahead inc flu hosp,0.1,1522.0300453645696,quantile
2022-12-05,2022-12-17,48,2 wk ahead inc flu hosp,0.15,1661.0199993907893,quantile
2022-12-05,2022-12-17,48,2 wk ahead inc flu hosp,0.2,1783.6458475813663,quantile
2022-12-05,2022-12-17,48,2 wk ahead inc flu hosp,0.25,1909.716067545958,quantile
2022-12-05,2022-12-17,48,2 wk ahead inc flu hosp,0.3,2028.822697807331,quantile
2022-12-05,2022-12-17,48,2 wk ahead inc flu hosp,0.35,2136.364389895756,quantile
2022-12-05,2022-12-17,48,2 wk ahead inc flu hosp,0.4,2237.038746046133,quantile
2022-12-05,2022-12-17,48,2 wk ahead inc flu hosp,0.45,2334.6624372947435,quantile
2022-12-05,2022-12-17,48,2 wk ahead inc flu hosp,0.5,2434.711304930992,quantile
2022-12-05,2022-12-17,48,2 wk ahead inc flu hosp,0.55,2542.8038003378283,quantile
2022-12-05,2022-12-17,48,2 wk ahead inc flu hosp,0.6,2665.313274829045,quantile
2022-12-05,2022-12-17,48,2 wk ahead inc flu hosp,0.65,2810.459284879796,quantile
2022-12-05,2022-12-17,48,2 wk ahead inc flu hosp,0.7,2990.009255680726,quantile
2022-12-05,2022-12-17,48,2 wk ahead inc flu hosp,0.75,3223.4938487901823,quantile
2022-12-05,2022-12-17,48,2 wk ahead inc flu hosp,0.8,3558.454054309235,quantile
2022-12-05,2022-12-17,48,2 wk ahead inc flu hosp,0.85,4133.898980441453,quantile
2022-12-05,2022-12-17,48,2 wk ahead inc flu hosp,0.9,4829.721955716437,quantile
2022-12-05,2022-12-17,48,2 wk ahead inc flu hosp,0.95,5875.697457378837,quantile
2022-12-05,2022-12-17,48,2 wk ahead inc flu hosp,0.975,6993.538466700722,quantile
2022-12-05,2022-12-17,48,2 wk ahead inc flu hosp,0.99,8663.691950457353,quantile
2022-12-05,2022-12-24,48,3 wk ahead inc flu hosp,0.01,811.8817574253784,quantile
2022-12-05,2022-12-24,48,3 wk ahead inc flu hosp,0.025,967.5077583177648,quantile
2022-12-05,2022-12-24,48,3 wk ahead inc flu hosp,0.05,1111.418887287613,quantile
2022-12-05,2022-12-24,48,3 wk ahead inc flu hosp,0.1,1289.7486243197309,quantile
2022-12-05,2022-12-24,48,3 wk ahead inc flu hosp,0.15,1421.33090145527,quantile
2022-12-05,2022-12-24,48,3 wk ahead inc flu hosp,0.2,1536.6108811930012,quantile
2022-12-05,2022-12-24,48,3 wk ahead inc flu hosp,0.25,1650.518681418911,quantile
2022-12-05,2022-12-24,48,3 wk ahead inc flu hosp,0.3,1760.7147561852776,quantile
2022-12-05,2022-12-24,48,3 wk ahead inc flu hosp,0.35,1867.173995814231,quantile
2022-12-05,2022-12-24,48,3 wk ahead inc flu hosp,0.4,1974.5989922843487,quantile
2022-12-05,2022-12-24,48,3 wk ahead inc flu hosp,0.45,2087.544415818038,quantile
2022-12-05,2022-12-24,48,3 wk ahead inc flu hosp,0.5,2211.748310687078,quantile
2022-12-05,2022-12-24,48,3 wk ahead inc flu hosp,0.55,2353.368181551263,quantile
2022-12-05,2022-12-24,48,3 wk ahead inc flu hosp,0.6,2518.9813153773443,quantile
2022-12-05,2022-12-24,48,3 wk ahead inc flu hosp,0.65,2715.5926684532374,quantile
2022-12-05,2022-12-24,48,3 wk ahead inc flu hosp,0.7,2951.932682623071,quantile
2022-12-05,2022-12-24,48,3 wk ahead inc flu hosp,0.75,3243.646618713713,quantile
2022-12-05,2022-12-24,48,3 wk ahead inc flu hosp,0.8,3636.050363064192,quantile
2022-12-05,2022-12-24,48,3 wk ahead inc flu hosp,0.85,4246.025281214361,quantile
2022-12-05,2022-12-24,48,3 wk ahead inc flu hosp,0.9,5109.309848909415,quantile
2022-12-05,2022-12-24,48,3 wk ahead inc flu hosp,0.95,6672.127507744263,quantile
2022-12-05,2022-12-24,48,3 wk ahead inc flu hosp,0.975,8465.031905202402,quantile
2022-12-05,2022-12-24,48,3 wk ahead inc flu hosp,0.99,11087.702347669292,quantile
2022-12-05,2022-12-31,48,4 wk ahead inc flu hosp,0.01,618.831994860096,quantile
2022-12-05,2022-12-31,48,4 wk ahead inc flu hosp,0.025,757.8896725848023,quantile
2022-12-05,2022-12-31,48,4 wk ahead inc flu hosp,0.05,890.1944163172692,quantile
2022-12-05,2022-12-31,48,4 wk ahead inc flu hosp,0.1,1057.4672837546289,quantile
2022-12-05,2022-12-31,48,4 wk ahead inc flu hosp,0.15,1181.6418839994874,quantile
2022-12-05,2022-12-31,48,4 wk ahead inc flu hosp,0.2,1289.575914804636,quantile
2022-12-05,2022-12-31,48,4 wk ahead inc flu hosp,0.25,1391.3214562513376,quantile
2022-12-05,2022-12-31,48,4 wk ahead inc flu hosp,0.3,1492.6066536037508,quantile
2022-12-05,2022-12-31,48,4 wk ahead inc flu hosp,0.35,1597.983440773232,quantile
2022-12-05,2022-12-31,48,4 wk ahead inc flu hosp,0.4,1712.1593994820382,quantile
2022-12-05,2022-12-31,48,4 wk ahead inc flu hosp,0.45,1840.4265553008056,quantile
2022-12-05,2022-12-31,48,4 wk ahead inc flu hosp,0.5,1988.7854774026384,quantile
2022-12-05,2022-12-31,48,4 wk ahead inc flu hosp,0.55,2163.9327237241714,quantile
2022-12-05,2022-12-31,48,4 wk ahead inc flu hosp,0.6,2372.6493559256432,quantile
2022-12-05,2022-12-31,48,4 wk ahead inc flu hosp,0.65,2620.725891067205,quantile
2022-12-05,2022-12-31,48,4 wk ahead inc flu hosp,0.7,2913.855787646469,quantile
2022-12-05,2022-12-31,48,4 wk ahead inc flu hosp,0.75,3263.799066718298,quantile
2022-12-05,2022-12-31,48,4 wk ahead inc flu hosp,0.8,3713.647315657043,quantile
2022-12-05,2022-12-31,48,4 wk ahead inc flu hosp,0.85,4358.150938149374,quantile
2022-12-05,2022-12-31,48,4 wk ahead inc flu hosp,0.9,5388.898385940289,quantile
2022-12-05,2022-12-31,48,4 wk ahead inc flu hosp,0.95,7468.55755810969,quantile
2022-12-05,2022-12-31,48,4 wk ahead inc flu hosp,0.975,9936.525343704085,quantile
2022-12-05,2022-12-31,48,4 wk ahead inc flu hosp,0.99,13511.712101043338,quantile
